-- phpMyAdmin SQL Dump
-- version 3.5.1
-- http://www.phpmyadmin.net
--
-- Host: localhost
-- Generation Time: Aug 19, 2013 at 06:12 PM
-- Server version: 5.1.30-community
-- PHP Version: 5.3.13

SET SQL_MODE="NO_AUTO_VALUE_ON_ZERO";
SET time_zone = "+00:00";


/*!40101 SET @OLD_CHARACTER_SET_CLIENT=@@CHARACTER_SET_CLIENT */;
/*!40101 SET @OLD_CHARACTER_SET_RESULTS=@@CHARACTER_SET_RESULTS */;
/*!40101 SET @OLD_COLLATION_CONNECTION=@@COLLATION_CONNECTION */;
/*!40101 SET NAMES utf8 */;

--
-- Database: `clinic`
--

-- --------------------------------------------------------

--
-- Table structure for table `admin`
--

CREATE TABLE IF NOT EXISTS `admin` (
  `id` int(11) NOT NULL AUTO_INCREMENT,
  `name` varchar(80) NOT NULL,
  `user_name` varchar(100) NOT NULL,
  `password` varchar(33) NOT NULL,
  `patients_access` tinyint(1) NOT NULL DEFAULT '2',
  `contracts_access` tinyint(1) NOT NULL DEFAULT '2',
  `services_access` tinyint(1) NOT NULL DEFAULT '2',
  `doctors_access` tinyint(1) NOT NULL DEFAULT '2',
  `reservations_access` tinyint(1) NOT NULL DEFAULT '2',
  `medicines_access` tinyint(1) NOT NULL DEFAULT '2',
  `patient_files_access` tinyint(1) NOT NULL DEFAULT '2',
  `tests_access` tinyint(1) NOT NULL DEFAULT '2',
  `patient_visits_access` tinyint(1) NOT NULL DEFAULT '2',
  `specialties_access` tinyint(1) NOT NULL DEFAULT '2',
  `users_access` tinyint(1) NOT NULL DEFAULT '2',
  PRIMARY KEY (`id`)
) ENGINE=InnoDB  DEFAULT CHARSET=utf8 AUTO_INCREMENT=13 ;

--
-- Dumping data for table `admin`
--

INSERT INTO `admin` (`id`, `name`, `user_name`, `password`, `patients_access`, `contracts_access`, `services_access`, `doctors_access`, `reservations_access`, `medicines_access`, `patient_files_access`, `tests_access`, `patient_visits_access`, `specialties_access`, `users_access`) VALUES
(2, 'Mahmoud abdulhady abdulfattah', 'admin', 'db952976dbf44ccc0df9116ca7158077', 1, 1, 1, 1, 1, 1, 1, 1, 1, 1, 0),
(5, 'محمود عبد الهادى', 'lion', '6b42d00c4ca6ddc33a604c54b8ce4adc', 1, 1, 1, 1, 1, 1, 0, 0, 0, 0, 0),
(12, 'test', 'test', '098f6bcd4621d373cade4e832627b4f6', 1, 1, 1, 1, 1, 1, 1, 1, 0, 1, 1);

-- --------------------------------------------------------

--
-- Table structure for table `contracts`
--

CREATE TABLE IF NOT EXISTS `contracts` (
  `id` int(11) NOT NULL AUTO_INCREMENT,
  `name` varchar(80) NOT NULL,
  `personal_discount` float NOT NULL DEFAULT '0',
  `family_discount` float NOT NULL,
  `address` varchar(255) NOT NULL,
  `mobile` varchar(50) NOT NULL DEFAULT '1',
  `phone` varchar(50) NOT NULL,
  `from_date` varchar(50) NOT NULL,
  `to_date` varchar(50) NOT NULL,
  `paid_date` date NOT NULL,
  `amount` float NOT NULL,
  PRIMARY KEY (`id`)
) ENGINE=InnoDB  DEFAULT CHARSET=utf8 AUTO_INCREMENT=3 ;

--
-- Dumping data for table `contracts`
--

INSERT INTO `contracts` (`id`, `name`, `personal_discount`, `family_discount`, `address`, `mobile`, `phone`, `from_date`, `to_date`, `paid_date`, `amount`) VALUES
(1, 'المصرية الطبية', 10, 5, 'الشارع الجديد - شبرا الخيمة', '0122 25 155 64', '44729851', '2013-07-24', '2014-07-24', '2013-07-30', 1000),
(2, 'd', 2, 2, '2', '2', '2', '07-08-2013', '09-08-2013', '0000-00-00', 100);

-- --------------------------------------------------------

--
-- Table structure for table `days`
--

CREATE TABLE IF NOT EXISTS `days` (
  `id` int(11) NOT NULL AUTO_INCREMENT,
  `name` varchar(30) NOT NULL,
  `name_e` varchar(30) NOT NULL,
  PRIMARY KEY (`id`)
) ENGINE=InnoDB  DEFAULT CHARSET=utf8 AUTO_INCREMENT=8 ;

--
-- Dumping data for table `days`
--

INSERT INTO `days` (`id`, `name`, `name_e`) VALUES
(1, 'السبت', 'Saturday'),
(2, 'الأحد', 'SatuSundayrday'),
(3, 'الإثنين', 'Monday'),
(4, 'الثلاثاء', 'Tuesday'),
(5, 'الأربعاء', 'Wednesday'),
(6, 'الخميس', 'Thursday'),
(7, 'الجمعة', 'Friday');

-- --------------------------------------------------------

--
-- Table structure for table `doctors`
--

CREATE TABLE IF NOT EXISTS `doctors` (
  `id` int(11) NOT NULL AUTO_INCREMENT,
  `name` varchar(80) NOT NULL,
  `pic` varchar(30) NOT NULL,
  `kind` varchar(30) NOT NULL,
  `address` varchar(255) NOT NULL,
  `mobile` int(11) NOT NULL,
  `phone` int(11) NOT NULL,
  `notes` text NOT NULL,
  PRIMARY KEY (`id`)
) ENGINE=InnoDB  DEFAULT CHARSET=utf8 AUTO_INCREMENT=4 ;

--
-- Dumping data for table `doctors`
--

INSERT INTO `doctors` (`id`, `name`, `pic`, `kind`, `address`, `mobile`, `phone`, `notes`) VALUES
(1, 'Mah', '', 'heart', 'mansoura', 2232, 4343, 'good'),
(2, 'mmm', '', '343', 'fdads', 3434, 234, 'fdsfasdfadsfasdfas'),
(3, 'mmm', '', '343', 'fdads', 3434, 234, 'fdsfasdfadsfasdfas');

-- --------------------------------------------------------

--
-- Table structure for table `medicines`
--

CREATE TABLE IF NOT EXISTS `medicines` (
  `id` int(11) NOT NULL AUTO_INCREMENT,
  `name` varchar(30) NOT NULL,
  `for` text NOT NULL,
  `pic` varchar(30) NOT NULL,
  PRIMARY KEY (`id`)
) ENGINE=InnoDB  DEFAULT CHARSET=utf8 AUTO_INCREMENT=7 ;

--
-- Dumping data for table `medicines`
--

INSERT INTO `medicines` (`id`, `name`, `for`, `pic`) VALUES
(5, '111', 'ffdsafdsfgfg', ''),
(6, 'fafsad', 'sdfasdfasdf', '');

-- --------------------------------------------------------

--
-- Table structure for table `patients`
--

CREATE TABLE IF NOT EXISTS `patients` (
  `id` int(11) NOT NULL AUTO_INCREMENT,
  `name` varchar(80) NOT NULL,
  `pic` varchar(100) NOT NULL,
  `job` varchar(30) NOT NULL,
  `code` varchar(30) NOT NULL,
  `birthdate` varchar(40) NOT NULL,
  `contract_id` int(11) NOT NULL,
  `sex` tinyint(1) NOT NULL DEFAULT '1',
  `age` int(11) NOT NULL,
  `address` varchar(255) NOT NULL,
  `mobile` int(11) NOT NULL,
  `phone` int(11) NOT NULL,
  `notes` text NOT NULL,
  PRIMARY KEY (`id`),
  KEY `contract_id` (`contract_id`)
) ENGINE=InnoDB  DEFAULT CHARSET=utf8 AUTO_INCREMENT=11 ;

--
-- Dumping data for table `patients`
--

INSERT INTO `patients` (`id`, `name`, `pic`, `job`, `code`, `birthdate`, `contract_id`, `sex`, `age`, `address`, `mobile`, `phone`, `notes`) VALUES
(9, 'mahmoud', '22.jpg\n', 'eng', '34234', '30-07-2013', 1, 0, 33, 'mahmoud abdulhady', 3932423, 92423432, 'fadsfsdafads'),
(10, 'على', '', 'مهندس', 'يسشي', '07-08-2013', 1, 1, 1, '3', 0, 0, '');

-- --------------------------------------------------------

--
-- Table structure for table `patient_files`
--

CREATE TABLE IF NOT EXISTS `patient_files` (
  `id` int(11) NOT NULL AUTO_INCREMENT,
  `patient_id` int(11) NOT NULL,
  `surgery_name` varchar(30) NOT NULL,
  `surgery_place` varchar(30) NOT NULL,
  `surgery_date` varchar(100) NOT NULL,
  `reserve_date` varchar(100) NOT NULL,
  `surgery_description` text NOT NULL,
  `doctor_name` varchar(90) NOT NULL,
  `surgery_reasons` text NOT NULL,
  `Symptoms` text NOT NULL,
  `patient_age_at_surgery` int(11) NOT NULL,
  `pre_paient_disease` text NOT NULL,
  `paient_history` text NOT NULL,
  `radiologic` varchar(50) NOT NULL,
  `ascending` varchar(50) NOT NULL,
  `duplex` varchar(50) NOT NULL,
  `paient_family_disease_history` text NOT NULL,
  `paient_problems` text NOT NULL,
  `paient_diagnosis` text NOT NULL,
  `midicne` varchar(50) NOT NULL,
  `dexazone_tab` tinyint(1) NOT NULL DEFAULT '0',
  `tba` tinyint(1) NOT NULL DEFAULT '0',
  `Prostaglandime` tinyint(1) NOT NULL DEFAULT '0',
  `ray1` varchar(150) NOT NULL,
  `ray1_pic` varchar(50) NOT NULL,
  `ray2` varchar(150) NOT NULL,
  `ray2_pic` varchar(50) NOT NULL,
  `ray3` varchar(150) NOT NULL,
  `ray3_pic` varchar(50) NOT NULL,
  `notes` text NOT NULL,
  PRIMARY KEY (`id`),
  KEY `patient_id` (`patient_id`)
) ENGINE=InnoDB  DEFAULT CHARSET=utf8 AUTO_INCREMENT=6 ;

--
-- Dumping data for table `patient_files`
--

INSERT INTO `patient_files` (`id`, `patient_id`, `surgery_name`, `surgery_place`, `surgery_date`, `reserve_date`, `surgery_description`, `doctor_name`, `surgery_reasons`, `Symptoms`, `patient_age_at_surgery`, `pre_paient_disease`, `paient_history`, `radiologic`, `ascending`, `duplex`, `paient_family_disease_history`, `paient_problems`, `paient_diagnosis`, `midicne`, `dexazone_tab`, `tba`, `Prostaglandime`, `ray1`, `ray1_pic`, `ray2`, `ray2_pic`, `ray3`, `ray3_pic`, `notes`) VALUES
(2, 8, 'اى كلام', 'اى مكان', '10-07-2013', '03-07-2013', 'اى وصف فى اى بتنجان', 'محمد احمد معرفش ايه', '            \r\n\r\n                                                    sd]                     \r\n\r\n                                           ', '                             \r\n\r\n                                   sd                                       \r\n\r\n                         ', 35, '                                           \r\n\r\n sdشششششششششششششششسسسسسسسسسسسسسسس                                                    \r\n\r\n                                        ', '                                \r\n\r\n                                sdببببببببببببييييييييييييييييييييييي                               \r\n\r\n                                                                            \r\n\r\n                     ', 'Radiologic ', 'Ascending', 'sd', 'sd', '           \r\n\r\n                                                     sd                     \r\n\r\n                                           ', '                             \r\n\r\n                                   sd                                       \r\n\r\n                         ', 'ssdd', 0, 0, 0, 'رقم 1', 'google_p.png\n', 'رقم 2', 'linked.png\n', 'رقم 3', 'google_p.png\n', '                                   \r\n\r\n        يسبيسشب\r\nبيسششيس\r\nبشيسبشيسب\r\n                                            \r\n\r\n'),
(4, 10, '1', '2', '14-08-2013', '31-07-2013', '3', '4', '                                                                5                                                                ', '                                                                6                                                                ', 7, '                                            8                                              ', '                                                                9                                                                ', '10', '', '', '12', '                                                                13                                                                ', '                                                                14                                                                ', '15', 0, 0, 0, '', 'n1.jpg\n', '', '', '', '', '                                           fadsfsdafads                                            '),
(5, 9, '1', '2', '14-08-2013', '31-07-2013', '3', '4', '                                                                5                                                                ', '                                                                6                                                                ', 7, '                                            8                                              ', '                                                                9                                                                ', '10', '', '', '12', '                                                                13                                                                ', '                                                                14                                                                ', '15', 0, 0, 0, '', '', '', '', '', 'shoes1.jpg\n', '                                           fadsfsdafads                                            ');

-- --------------------------------------------------------

--
-- Table structure for table `patient_visits`
--

CREATE TABLE IF NOT EXISTS `patient_visits` (
  `id` int(11) NOT NULL AUTO_INCREMENT,
  `patient_id` int(11) NOT NULL,
  `service_id` int(11) NOT NULL,
  `visit_date` date NOT NULL,
  `paient_problems` text NOT NULL,
  `caveats` text NOT NULL,
  `paient_diagnosis` text NOT NULL,
  `midicne` varchar(50) NOT NULL,
  `dexazone_tab` tinyint(1) NOT NULL DEFAULT '0',
  `tba` tinyint(1) NOT NULL DEFAULT '0',
  `Prostaglandime` tinyint(1) NOT NULL DEFAULT '0',
  `radiologic` tinyint(1) NOT NULL DEFAULT '0',
  `ascending` tinyint(1) NOT NULL DEFAULT '0',
  `duplex` tinyint(1) NOT NULL DEFAULT '0',
  `radiologic_result` varchar(50) NOT NULL,
  `ascending_result` varchar(50) NOT NULL,
  `duplex_result` varchar(50) NOT NULL,
  PRIMARY KEY (`id`),
  KEY `patient_id` (`patient_id`),
  KEY `service_id` (`service_id`)
) ENGINE=InnoDB DEFAULT CHARSET=utf8 AUTO_INCREMENT=1 ;

-- --------------------------------------------------------

--
-- Table structure for table `reservations`
--

CREATE TABLE IF NOT EXISTS `reservations` (
  `id` int(11) NOT NULL AUTO_INCREMENT,
  `day_id` int(11) NOT NULL,
  `reserve_date` date NOT NULL,
  `patient_id` int(11) NOT NULL,
  `doctor_id` int(11) NOT NULL,
  `service_id` int(11) NOT NULL,
  `contract_id` int(11) NOT NULL,
  `discount_id` int(11) NOT NULL,
  `from_time` time NOT NULL,
  `to_time` time NOT NULL,
  `status` int(11) NOT NULL DEFAULT '0',
  PRIMARY KEY (`id`),
  KEY `patient_id` (`patient_id`),
  KEY `doctor_id` (`doctor_id`),
  KEY `service_id` (`service_id`),
  KEY `contract_id` (`contract_id`)
) ENGINE=InnoDB  DEFAULT CHARSET=utf8 AUTO_INCREMENT=621 ;

--
-- Dumping data for table `reservations`
--

INSERT INTO `reservations` (`id`, `day_id`, `reserve_date`, `patient_id`, `doctor_id`, `service_id`, `contract_id`, `discount_id`, `from_time`, `to_time`, `status`) VALUES
(6, 2, '0000-00-00', 9, 1, 1, 1, 0, '00:00:04', '00:00:06', 0),
(12, 7, '0000-00-00', 10, 1, 2, 1, 0, '00:00:03', '00:00:12', 2),
(13, 3, '0000-00-00', 9, 1, 1, 1, 0, '00:00:02', '00:00:13', 2),
(14, 3, '0000-00-00', 9, 1, 1, 1, 0, '00:00:02', '00:00:14', 2),
(15, 3, '0000-00-00', 9, 1, 1, 1, 0, '00:00:02', '00:00:15', 2),
(16, 3, '0000-00-00', 9, 1, 1, 1, 0, '00:00:02', '00:00:16', 2),
(17, 3, '0000-00-00', 9, 1, 1, 1, 0, '00:00:02', '00:00:17', 2),
(18, 3, '0000-00-00', 9, 1, 1, 1, 0, '00:00:02', '00:00:18', 2),
(19, 3, '0000-00-00', 9, 1, 1, 1, 0, '00:00:02', '00:00:19', 2),
(20, 3, '0000-00-00', 9, 1, 1, 1, 0, '00:00:02', '00:00:20', 2),
(21, 3, '0000-00-00', 9, 1, 1, 1, 0, '00:00:02', '00:00:21', 2),
(22, 3, '0000-00-00', 9, 1, 1, 1, 0, '00:00:02', '00:00:22', 2),
(23, 3, '0000-00-00', 9, 1, 1, 1, 0, '00:00:02', '00:00:23', 2),
(24, 3, '0000-00-00', 9, 1, 1, 1, 0, '00:00:02', '00:00:24', 2),
(25, 3, '0000-00-00', 9, 1, 1, 1, 0, '00:00:02', '00:00:25', 2),
(26, 3, '0000-00-00', 9, 1, 1, 1, 0, '00:00:02', '00:00:26', 2),
(27, 3, '0000-00-00', 9, 1, 1, 1, 0, '00:00:02', '00:00:27', 2),
(28, 3, '0000-00-00', 9, 1, 1, 1, 0, '00:00:02', '00:00:28', 2),
(29, 3, '0000-00-00', 9, 1, 1, 1, 0, '00:00:02', '00:00:29', 2),
(30, 3, '0000-00-00', 9, 1, 1, 1, 0, '00:00:02', '00:00:30', 2),
(31, 3, '0000-00-00', 9, 1, 1, 1, 0, '00:00:02', '00:00:31', 2),
(32, 3, '0000-00-00', 9, 1, 1, 1, 0, '00:00:02', '00:00:32', 2),
(33, 3, '0000-00-00', 9, 1, 1, 1, 0, '00:00:02', '00:00:33', 2),
(34, 3, '0000-00-00', 9, 1, 1, 1, 0, '00:00:02', '00:00:34', 2),
(35, 3, '0000-00-00', 9, 1, 1, 1, 0, '00:00:02', '00:00:35', 2),
(36, 3, '0000-00-00', 9, 1, 1, 1, 0, '00:00:02', '00:00:36', 2),
(37, 3, '0000-00-00', 9, 1, 1, 1, 0, '00:00:02', '00:00:37', 2),
(38, 3, '0000-00-00', 9, 1, 1, 1, 0, '00:00:02', '00:00:38', 2),
(39, 3, '0000-00-00', 9, 1, 1, 1, 0, '00:00:02', '00:00:39', 2),
(40, 3, '0000-00-00', 9, 1, 1, 1, 0, '00:00:02', '00:00:40', 2),
(41, 3, '0000-00-00', 9, 1, 1, 1, 0, '00:00:02', '00:00:41', 2),
(42, 3, '0000-00-00', 9, 1, 1, 1, 0, '00:00:02', '00:00:42', 2),
(43, 3, '0000-00-00', 9, 1, 1, 1, 0, '00:00:02', '00:00:43', 2),
(44, 3, '0000-00-00', 9, 1, 1, 1, 0, '00:00:02', '00:00:44', 2),
(45, 3, '0000-00-00', 9, 1, 1, 1, 0, '00:00:02', '00:00:45', 2),
(46, 3, '0000-00-00', 9, 1, 1, 1, 0, '00:00:02', '00:00:46', 2),
(47, 3, '0000-00-00', 9, 1, 1, 1, 0, '00:00:02', '00:00:47', 2),
(48, 3, '0000-00-00', 9, 1, 1, 1, 0, '00:00:02', '00:00:48', 2),
(49, 3, '0000-00-00', 9, 1, 1, 1, 0, '00:00:02', '00:00:49', 2),
(50, 3, '0000-00-00', 9, 1, 1, 1, 0, '00:00:02', '00:00:50', 2),
(51, 3, '0000-00-00', 9, 1, 1, 1, 0, '00:00:02', '00:00:51', 2),
(52, 3, '0000-00-00', 9, 1, 1, 1, 0, '00:00:02', '00:00:52', 2),
(53, 3, '0000-00-00', 9, 1, 1, 1, 0, '00:00:02', '00:00:53', 2),
(54, 3, '0000-00-00', 9, 1, 1, 1, 0, '00:00:02', '00:00:54', 2),
(55, 3, '0000-00-00', 9, 1, 1, 1, 0, '00:00:02', '00:00:55', 2),
(56, 3, '0000-00-00', 9, 1, 1, 1, 0, '00:00:02', '00:00:56', 2),
(57, 3, '0000-00-00', 9, 1, 1, 1, 0, '00:00:02', '00:00:57', 2),
(58, 3, '0000-00-00', 9, 1, 1, 1, 0, '00:00:02', '00:00:58', 2),
(59, 3, '0000-00-00', 9, 1, 1, 1, 0, '00:00:02', '00:00:59', 2),
(60, 3, '0000-00-00', 9, 1, 1, 1, 0, '00:00:02', '00:00:00', 2),
(61, 3, '0000-00-00', 9, 1, 1, 1, 0, '00:00:02', '00:00:00', 2),
(62, 3, '0000-00-00', 9, 1, 1, 1, 0, '00:00:02', '00:00:00', 2),
(63, 3, '0000-00-00', 9, 1, 1, 1, 0, '00:00:02', '00:00:00', 2),
(64, 3, '0000-00-00', 9, 1, 1, 1, 0, '00:00:02', '00:00:00', 2),
(65, 3, '0000-00-00', 9, 1, 1, 1, 0, '00:00:02', '00:00:00', 2),
(66, 3, '0000-00-00', 9, 1, 1, 1, 0, '00:00:02', '00:00:00', 2),
(67, 3, '0000-00-00', 9, 1, 1, 1, 0, '00:00:02', '00:00:00', 2),
(68, 3, '0000-00-00', 9, 1, 1, 1, 0, '00:00:02', '00:00:00', 2),
(69, 3, '0000-00-00', 9, 1, 1, 1, 0, '00:00:02', '00:00:00', 2),
(70, 3, '0000-00-00', 9, 1, 1, 1, 0, '00:00:02', '00:00:00', 2),
(71, 3, '0000-00-00', 9, 1, 1, 1, 0, '00:00:02', '00:00:00', 2),
(72, 3, '0000-00-00', 9, 1, 1, 1, 0, '00:00:02', '00:00:00', 2),
(73, 3, '0000-00-00', 9, 1, 1, 1, 0, '00:00:02', '00:00:00', 2),
(74, 3, '0000-00-00', 9, 1, 1, 1, 0, '00:00:02', '00:00:00', 2),
(75, 3, '0000-00-00', 9, 1, 1, 1, 0, '00:00:02', '00:00:00', 2),
(76, 3, '0000-00-00', 9, 1, 1, 1, 0, '00:00:02', '00:00:00', 2),
(77, 3, '0000-00-00', 9, 1, 1, 1, 0, '00:00:02', '00:00:00', 2),
(78, 3, '0000-00-00', 9, 1, 1, 1, 0, '00:00:02', '00:00:00', 2),
(79, 3, '0000-00-00', 9, 1, 1, 1, 0, '00:00:02', '00:00:00', 2),
(80, 3, '0000-00-00', 9, 1, 1, 1, 0, '00:00:02', '00:00:00', 2),
(81, 3, '0000-00-00', 9, 1, 1, 1, 0, '00:00:02', '00:00:00', 2),
(82, 3, '0000-00-00', 9, 1, 1, 1, 0, '00:00:02', '00:00:00', 2),
(83, 3, '0000-00-00', 9, 1, 1, 1, 0, '00:00:02', '00:00:00', 2),
(84, 3, '0000-00-00', 9, 1, 1, 1, 0, '00:00:02', '00:00:00', 2),
(85, 3, '0000-00-00', 9, 1, 1, 1, 0, '00:00:02', '00:00:00', 2),
(86, 3, '0000-00-00', 9, 1, 1, 1, 0, '00:00:02', '00:00:00', 2),
(87, 3, '0000-00-00', 9, 1, 1, 1, 0, '00:00:02', '00:00:00', 2),
(88, 3, '0000-00-00', 9, 1, 1, 1, 0, '00:00:02', '00:00:00', 2),
(89, 3, '0000-00-00', 9, 1, 1, 1, 0, '00:00:02', '00:00:00', 2),
(90, 3, '0000-00-00', 9, 1, 1, 1, 0, '00:00:02', '00:00:00', 2),
(91, 3, '0000-00-00', 9, 1, 1, 1, 0, '00:00:02', '00:00:00', 2),
(92, 3, '0000-00-00', 9, 1, 1, 1, 0, '00:00:02', '00:00:00', 2),
(93, 3, '0000-00-00', 9, 1, 1, 1, 0, '00:00:02', '00:00:00', 2),
(94, 3, '0000-00-00', 9, 1, 1, 1, 0, '00:00:02', '00:00:00', 2),
(95, 3, '0000-00-00', 9, 1, 1, 1, 0, '00:00:02', '00:00:00', 2),
(96, 3, '0000-00-00', 9, 1, 1, 1, 0, '00:00:02', '00:00:00', 2),
(97, 3, '0000-00-00', 9, 1, 1, 1, 0, '00:00:02', '00:00:00', 2),
(98, 3, '0000-00-00', 9, 1, 1, 1, 0, '00:00:02', '00:00:00', 2),
(99, 3, '0000-00-00', 9, 1, 1, 1, 0, '00:00:02', '00:00:00', 2),
(100, 3, '0000-00-00', 9, 1, 1, 1, 0, '00:00:02', '00:01:00', 2),
(101, 3, '0000-00-00', 9, 1, 1, 1, 0, '00:00:02', '00:01:01', 2),
(102, 3, '0000-00-00', 9, 1, 1, 1, 0, '00:00:02', '00:01:02', 2),
(103, 3, '0000-00-00', 9, 1, 1, 1, 0, '00:00:02', '00:01:03', 2),
(104, 3, '0000-00-00', 9, 1, 1, 1, 0, '00:00:02', '00:01:04', 2),
(105, 3, '0000-00-00', 9, 1, 1, 1, 0, '00:00:02', '00:01:05', 2),
(106, 3, '0000-00-00', 9, 1, 1, 1, 0, '00:00:02', '00:01:06', 2),
(107, 3, '0000-00-00', 9, 1, 1, 1, 0, '00:00:02', '00:01:07', 2),
(108, 3, '0000-00-00', 9, 1, 1, 1, 0, '00:00:02', '00:01:08', 2),
(109, 3, '0000-00-00', 9, 1, 1, 1, 0, '00:00:02', '00:01:09', 2),
(110, 3, '0000-00-00', 9, 1, 1, 1, 0, '00:00:02', '00:01:10', 2),
(111, 3, '0000-00-00', 9, 1, 1, 1, 0, '00:00:02', '00:01:11', 2),
(112, 3, '0000-00-00', 9, 1, 1, 1, 0, '00:00:02', '00:01:12', 2),
(113, 3, '0000-00-00', 9, 1, 1, 1, 0, '00:00:02', '00:01:13', 2),
(114, 3, '0000-00-00', 9, 1, 1, 1, 0, '00:00:02', '00:01:14', 2),
(115, 3, '0000-00-00', 9, 1, 1, 1, 0, '00:00:02', '00:01:15', 2),
(116, 3, '0000-00-00', 9, 1, 1, 1, 0, '00:00:02', '00:01:16', 2),
(117, 3, '0000-00-00', 9, 1, 1, 1, 0, '00:00:02', '00:01:17', 2),
(118, 3, '0000-00-00', 9, 1, 1, 1, 0, '00:00:02', '00:01:18', 2),
(119, 3, '0000-00-00', 9, 1, 1, 1, 0, '00:00:02', '00:01:19', 2),
(120, 3, '0000-00-00', 9, 1, 1, 1, 0, '00:00:02', '00:01:20', 2),
(121, 3, '0000-00-00', 9, 1, 1, 1, 0, '00:00:02', '00:01:21', 2),
(122, 3, '0000-00-00', 9, 1, 1, 1, 0, '00:00:02', '00:01:22', 2),
(123, 3, '0000-00-00', 9, 1, 1, 1, 0, '00:00:02', '00:01:23', 2),
(124, 3, '0000-00-00', 9, 1, 1, 1, 0, '00:00:02', '00:01:24', 2),
(125, 3, '0000-00-00', 9, 1, 1, 1, 0, '00:00:02', '00:01:25', 2),
(126, 3, '0000-00-00', 9, 1, 1, 1, 0, '00:00:02', '00:01:26', 2),
(127, 3, '0000-00-00', 9, 1, 1, 1, 0, '00:00:02', '00:01:27', 2),
(128, 3, '0000-00-00', 9, 1, 1, 1, 0, '00:00:02', '00:01:28', 2),
(129, 3, '0000-00-00', 9, 1, 1, 1, 0, '00:00:02', '00:01:29', 2),
(130, 3, '0000-00-00', 9, 1, 1, 1, 0, '00:00:02', '00:01:30', 2),
(131, 3, '0000-00-00', 9, 1, 1, 1, 0, '00:00:02', '00:01:31', 2),
(132, 3, '0000-00-00', 9, 1, 1, 1, 0, '00:00:02', '00:01:32', 2),
(133, 3, '0000-00-00', 9, 1, 1, 1, 0, '00:00:02', '00:01:33', 2),
(134, 3, '0000-00-00', 9, 1, 1, 1, 0, '00:00:02', '00:01:34', 2),
(135, 3, '0000-00-00', 9, 1, 1, 1, 0, '00:00:02', '00:01:35', 2),
(136, 3, '0000-00-00', 9, 1, 1, 1, 0, '00:00:02', '00:01:36', 2),
(137, 3, '0000-00-00', 9, 1, 1, 1, 0, '00:00:02', '00:01:37', 2),
(138, 3, '0000-00-00', 9, 1, 1, 1, 0, '00:00:02', '00:01:38', 2),
(139, 3, '0000-00-00', 9, 1, 1, 1, 0, '00:00:02', '00:01:39', 2),
(140, 3, '0000-00-00', 9, 1, 1, 1, 0, '00:00:02', '00:01:40', 2),
(141, 3, '0000-00-00', 9, 1, 1, 1, 0, '00:00:02', '00:01:41', 2),
(142, 3, '0000-00-00', 9, 1, 1, 1, 0, '00:00:02', '00:01:42', 2),
(143, 3, '0000-00-00', 9, 1, 1, 1, 0, '00:00:02', '00:01:43', 2),
(144, 3, '0000-00-00', 9, 1, 1, 1, 0, '00:00:02', '00:01:44', 2),
(145, 3, '0000-00-00', 9, 1, 1, 1, 0, '00:00:02', '00:01:45', 2),
(146, 3, '0000-00-00', 9, 1, 1, 1, 0, '00:00:02', '00:01:46', 2),
(147, 3, '0000-00-00', 9, 1, 1, 1, 0, '00:00:02', '00:01:47', 2),
(148, 3, '0000-00-00', 9, 1, 1, 1, 0, '00:00:02', '00:01:48', 2),
(149, 3, '0000-00-00', 9, 1, 1, 1, 0, '00:00:02', '00:01:49', 2),
(150, 3, '0000-00-00', 9, 1, 1, 1, 0, '00:00:02', '00:01:50', 2),
(151, 3, '0000-00-00', 9, 1, 1, 1, 0, '00:00:02', '00:01:51', 2),
(152, 3, '0000-00-00', 9, 1, 1, 1, 0, '00:00:02', '00:01:52', 2),
(153, 3, '0000-00-00', 9, 1, 1, 1, 0, '00:00:02', '00:01:53', 2),
(154, 3, '0000-00-00', 9, 1, 1, 1, 0, '00:00:02', '00:01:54', 2),
(155, 3, '0000-00-00', 9, 1, 1, 1, 0, '00:00:02', '00:01:55', 2),
(156, 3, '0000-00-00', 9, 1, 1, 1, 0, '00:00:02', '00:01:56', 2),
(157, 3, '0000-00-00', 9, 1, 1, 1, 0, '00:00:02', '00:01:57', 2),
(158, 3, '0000-00-00', 9, 1, 1, 1, 0, '00:00:02', '00:01:58', 2),
(159, 3, '0000-00-00', 9, 1, 1, 1, 0, '00:00:02', '00:01:59', 2),
(160, 3, '0000-00-00', 9, 1, 1, 1, 0, '00:00:02', '00:00:00', 2),
(161, 3, '0000-00-00', 9, 1, 1, 1, 0, '00:00:02', '00:00:00', 2),
(162, 3, '0000-00-00', 9, 1, 1, 1, 0, '00:00:02', '00:00:00', 2),
(163, 3, '0000-00-00', 9, 1, 1, 1, 0, '00:00:02', '00:00:00', 2),
(164, 3, '0000-00-00', 9, 1, 1, 1, 0, '00:00:02', '00:00:00', 2),
(165, 3, '0000-00-00', 9, 1, 1, 1, 0, '00:00:02', '00:00:00', 2),
(166, 3, '0000-00-00', 9, 1, 1, 1, 0, '00:00:02', '00:00:00', 2),
(167, 3, '0000-00-00', 9, 1, 1, 1, 0, '00:00:02', '00:00:00', 2),
(168, 3, '0000-00-00', 9, 1, 1, 1, 0, '00:00:02', '00:00:00', 2),
(169, 3, '0000-00-00', 9, 1, 1, 1, 0, '00:00:02', '00:00:00', 2),
(170, 3, '0000-00-00', 9, 1, 1, 1, 0, '00:00:02', '00:00:00', 2),
(171, 3, '0000-00-00', 9, 1, 1, 1, 0, '00:00:02', '00:00:00', 2),
(172, 3, '0000-00-00', 9, 1, 1, 1, 0, '00:00:02', '00:00:00', 2),
(173, 3, '0000-00-00', 9, 1, 1, 1, 0, '00:00:02', '00:00:00', 2),
(174, 3, '0000-00-00', 9, 1, 1, 1, 0, '00:00:02', '00:00:00', 2),
(175, 3, '0000-00-00', 9, 1, 1, 1, 0, '00:00:02', '00:00:00', 2),
(176, 3, '0000-00-00', 9, 1, 1, 1, 0, '00:00:02', '00:00:00', 2),
(177, 3, '0000-00-00', 9, 1, 1, 1, 0, '00:00:02', '00:00:00', 2),
(178, 3, '0000-00-00', 9, 1, 1, 1, 0, '00:00:02', '00:00:00', 2),
(179, 3, '0000-00-00', 9, 1, 1, 1, 0, '00:00:02', '00:00:00', 2),
(180, 3, '0000-00-00', 9, 1, 1, 1, 0, '00:00:02', '00:00:00', 2),
(181, 3, '0000-00-00', 9, 1, 1, 1, 0, '00:00:02', '00:00:00', 2),
(182, 3, '0000-00-00', 9, 1, 1, 1, 0, '00:00:02', '00:00:00', 2),
(183, 3, '0000-00-00', 9, 1, 1, 1, 0, '00:00:02', '00:00:00', 2),
(184, 3, '0000-00-00', 9, 1, 1, 1, 0, '00:00:02', '00:00:00', 2),
(185, 3, '0000-00-00', 9, 1, 1, 1, 0, '00:00:02', '00:00:00', 2),
(186, 3, '0000-00-00', 9, 1, 1, 1, 0, '00:00:02', '00:00:00', 2),
(187, 3, '0000-00-00', 9, 1, 1, 1, 0, '00:00:02', '00:00:00', 2),
(188, 3, '0000-00-00', 9, 1, 1, 1, 0, '00:00:02', '00:00:00', 2),
(189, 3, '0000-00-00', 9, 1, 1, 1, 0, '00:00:02', '00:00:00', 2),
(190, 3, '0000-00-00', 9, 1, 1, 1, 0, '00:00:02', '00:00:00', 2),
(191, 3, '0000-00-00', 9, 1, 1, 1, 0, '00:00:02', '00:00:00', 2),
(192, 3, '0000-00-00', 9, 1, 1, 1, 0, '00:00:02', '00:00:00', 2),
(193, 3, '0000-00-00', 9, 1, 1, 1, 0, '00:00:02', '00:00:00', 2),
(194, 3, '0000-00-00', 9, 1, 1, 1, 0, '00:00:02', '00:00:00', 2),
(195, 3, '0000-00-00', 9, 1, 1, 1, 0, '00:00:02', '00:00:00', 2),
(196, 3, '0000-00-00', 9, 1, 1, 1, 0, '00:00:02', '00:00:00', 2),
(197, 3, '0000-00-00', 9, 1, 1, 1, 0, '00:00:02', '00:00:00', 2),
(198, 3, '0000-00-00', 9, 1, 1, 1, 0, '00:00:02', '00:00:00', 2),
(199, 3, '0000-00-00', 9, 1, 1, 1, 0, '00:00:02', '00:00:00', 2),
(200, 3, '0000-00-00', 9, 1, 1, 1, 0, '00:00:02', '00:02:00', 2),
(201, 3, '0000-00-00', 9, 1, 1, 1, 0, '00:00:02', '00:02:01', 2),
(202, 3, '0000-00-00', 9, 1, 1, 1, 0, '00:00:02', '00:02:02', 2),
(203, 3, '0000-00-00', 9, 1, 1, 1, 0, '00:00:02', '00:02:03', 2),
(204, 3, '0000-00-00', 9, 1, 1, 1, 0, '00:00:02', '00:02:04', 2),
(205, 3, '0000-00-00', 9, 1, 1, 1, 0, '00:00:02', '00:02:05', 2),
(206, 3, '0000-00-00', 9, 1, 1, 1, 0, '00:00:02', '00:02:06', 2),
(207, 3, '0000-00-00', 9, 1, 1, 1, 0, '00:00:02', '00:02:07', 2),
(208, 3, '0000-00-00', 9, 1, 1, 1, 0, '00:00:02', '00:02:08', 2),
(209, 3, '0000-00-00', 9, 1, 1, 1, 0, '00:00:02', '00:02:09', 2),
(210, 3, '0000-00-00', 9, 1, 1, 1, 0, '00:00:02', '00:02:10', 2),
(211, 3, '0000-00-00', 9, 1, 1, 1, 0, '00:00:02', '00:02:11', 2),
(212, 3, '0000-00-00', 9, 1, 1, 1, 0, '00:00:02', '00:02:12', 2),
(213, 3, '0000-00-00', 9, 1, 1, 1, 0, '00:00:02', '00:02:13', 2),
(214, 3, '0000-00-00', 9, 1, 1, 1, 0, '00:00:02', '00:02:14', 2),
(215, 3, '0000-00-00', 9, 1, 1, 1, 0, '00:00:02', '00:02:15', 2),
(216, 3, '0000-00-00', 9, 1, 1, 1, 0, '00:00:02', '00:02:16', 2),
(217, 3, '0000-00-00', 9, 1, 1, 1, 0, '00:00:02', '00:02:17', 2),
(218, 3, '0000-00-00', 9, 1, 1, 1, 0, '00:00:02', '00:02:18', 2),
(219, 3, '0000-00-00', 9, 1, 1, 1, 0, '00:00:02', '00:02:19', 2),
(220, 3, '0000-00-00', 9, 1, 1, 1, 0, '00:00:02', '00:02:20', 2),
(221, 3, '0000-00-00', 9, 1, 1, 1, 0, '00:00:02', '00:02:21', 2),
(222, 3, '0000-00-00', 9, 1, 1, 1, 0, '00:00:02', '00:02:22', 2),
(223, 3, '0000-00-00', 9, 1, 1, 1, 0, '00:00:02', '00:02:23', 2),
(224, 3, '0000-00-00', 9, 1, 1, 1, 0, '00:00:02', '00:02:24', 2),
(225, 3, '0000-00-00', 9, 1, 1, 1, 0, '00:00:02', '00:02:25', 2),
(226, 3, '0000-00-00', 9, 1, 1, 1, 0, '00:00:02', '00:02:26', 2),
(227, 3, '0000-00-00', 9, 1, 1, 1, 0, '00:00:02', '00:02:27', 2),
(228, 3, '0000-00-00', 9, 1, 1, 1, 0, '00:00:02', '00:02:28', 2),
(229, 3, '0000-00-00', 9, 1, 1, 1, 0, '00:00:02', '00:02:29', 2),
(230, 3, '0000-00-00', 9, 1, 1, 1, 0, '00:00:02', '00:02:30', 2),
(231, 3, '0000-00-00', 9, 1, 1, 1, 0, '00:00:02', '00:02:31', 2),
(232, 3, '0000-00-00', 9, 1, 1, 1, 0, '00:00:02', '00:02:32', 2),
(233, 3, '0000-00-00', 9, 1, 1, 1, 0, '00:00:02', '00:02:33', 2),
(234, 3, '0000-00-00', 9, 1, 1, 1, 0, '00:00:02', '00:02:34', 2),
(235, 3, '0000-00-00', 9, 1, 1, 1, 0, '00:00:02', '00:02:35', 2),
(236, 3, '0000-00-00', 9, 1, 1, 1, 0, '00:00:02', '00:02:36', 2),
(237, 3, '0000-00-00', 9, 1, 1, 1, 0, '00:00:02', '00:02:37', 2),
(238, 3, '0000-00-00', 9, 1, 1, 1, 0, '00:00:02', '00:02:38', 2),
(239, 3, '0000-00-00', 9, 1, 1, 1, 0, '00:00:02', '00:02:39', 2),
(240, 3, '0000-00-00', 9, 1, 1, 1, 0, '00:00:02', '00:02:40', 2),
(241, 3, '0000-00-00', 9, 1, 1, 1, 0, '00:00:02', '00:02:41', 2),
(242, 3, '0000-00-00', 9, 1, 1, 1, 0, '00:00:02', '00:02:42', 2),
(243, 3, '0000-00-00', 9, 1, 1, 1, 0, '00:00:02', '00:02:43', 2),
(244, 3, '0000-00-00', 9, 1, 1, 1, 0, '00:00:02', '00:02:44', 2),
(245, 3, '0000-00-00', 9, 1, 1, 1, 0, '00:00:02', '00:02:45', 2),
(246, 3, '0000-00-00', 9, 1, 1, 1, 0, '00:00:02', '00:02:46', 2),
(247, 3, '0000-00-00', 9, 1, 1, 1, 0, '00:00:02', '00:02:47', 2),
(248, 3, '0000-00-00', 9, 1, 1, 1, 0, '00:00:02', '00:02:48', 2),
(249, 3, '0000-00-00', 9, 1, 1, 1, 0, '00:00:02', '00:02:49', 2),
(250, 3, '0000-00-00', 9, 1, 1, 1, 0, '00:00:02', '00:02:50', 2),
(251, 3, '0000-00-00', 9, 1, 1, 1, 0, '00:00:02', '00:02:51', 2),
(252, 3, '0000-00-00', 9, 1, 1, 1, 0, '00:00:02', '00:02:52', 2),
(253, 3, '0000-00-00', 9, 1, 1, 1, 0, '00:00:02', '00:02:53', 2),
(254, 3, '0000-00-00', 9, 1, 1, 1, 0, '00:00:02', '00:02:54', 2),
(255, 3, '0000-00-00', 9, 1, 1, 1, 0, '00:00:02', '00:02:55', 2),
(256, 3, '0000-00-00', 9, 1, 1, 1, 0, '00:00:02', '00:02:56', 2),
(257, 3, '0000-00-00', 9, 1, 1, 1, 0, '00:00:02', '00:02:57', 2),
(258, 3, '0000-00-00', 9, 1, 1, 1, 0, '00:00:02', '00:02:58', 2),
(259, 3, '0000-00-00', 9, 1, 1, 1, 0, '00:00:02', '00:02:59', 2),
(260, 3, '0000-00-00', 9, 1, 1, 1, 0, '00:00:02', '00:00:00', 2),
(261, 3, '0000-00-00', 9, 1, 1, 1, 0, '00:00:02', '00:00:00', 2),
(262, 3, '0000-00-00', 9, 1, 1, 1, 0, '00:00:02', '00:00:00', 2),
(263, 3, '0000-00-00', 9, 1, 1, 1, 0, '00:00:02', '00:00:00', 2),
(264, 3, '0000-00-00', 9, 1, 1, 1, 0, '00:00:02', '00:00:00', 2),
(265, 3, '0000-00-00', 9, 1, 1, 1, 0, '00:00:02', '00:00:00', 2),
(266, 3, '0000-00-00', 9, 1, 1, 1, 0, '00:00:02', '00:00:00', 2),
(267, 3, '0000-00-00', 9, 1, 1, 1, 0, '00:00:02', '00:00:00', 2),
(268, 3, '0000-00-00', 9, 1, 1, 1, 0, '00:00:02', '00:00:00', 2),
(269, 3, '0000-00-00', 9, 1, 1, 1, 0, '00:00:02', '00:00:00', 2),
(270, 3, '0000-00-00', 9, 1, 1, 1, 0, '00:00:02', '00:00:00', 2),
(271, 3, '0000-00-00', 9, 1, 1, 1, 0, '00:00:02', '00:00:00', 2),
(272, 3, '0000-00-00', 9, 1, 1, 1, 0, '00:00:02', '00:00:00', 2),
(273, 3, '0000-00-00', 9, 1, 1, 1, 0, '00:00:02', '00:00:00', 2),
(274, 3, '0000-00-00', 9, 1, 1, 1, 0, '00:00:02', '00:00:00', 2),
(275, 3, '0000-00-00', 9, 1, 1, 1, 0, '00:00:02', '00:00:00', 2),
(276, 3, '0000-00-00', 9, 1, 1, 1, 0, '00:00:02', '00:00:00', 2),
(277, 3, '0000-00-00', 9, 1, 1, 1, 0, '00:00:02', '00:00:00', 2),
(278, 3, '0000-00-00', 9, 1, 1, 1, 0, '00:00:02', '00:00:00', 2),
(279, 3, '0000-00-00', 9, 1, 1, 1, 0, '00:00:02', '00:00:00', 2),
(280, 3, '0000-00-00', 9, 1, 1, 1, 0, '00:00:02', '00:00:00', 2),
(281, 3, '0000-00-00', 9, 1, 1, 1, 0, '00:00:02', '00:00:00', 2),
(282, 3, '0000-00-00', 9, 1, 1, 1, 0, '00:00:02', '00:00:00', 2),
(283, 3, '0000-00-00', 9, 1, 1, 1, 0, '00:00:02', '00:00:00', 2),
(284, 3, '0000-00-00', 9, 1, 1, 1, 0, '00:00:02', '00:00:00', 2),
(285, 3, '0000-00-00', 9, 1, 1, 1, 0, '00:00:02', '00:00:00', 2),
(286, 3, '0000-00-00', 9, 1, 1, 1, 0, '00:00:02', '00:00:00', 2),
(287, 3, '0000-00-00', 9, 1, 1, 1, 0, '00:00:02', '00:00:00', 2),
(288, 3, '0000-00-00', 9, 1, 1, 1, 0, '00:00:02', '00:00:00', 2),
(289, 3, '0000-00-00', 9, 1, 1, 1, 0, '00:00:02', '00:00:00', 2),
(290, 3, '0000-00-00', 9, 1, 1, 1, 0, '00:00:02', '00:00:00', 2),
(291, 3, '0000-00-00', 9, 1, 1, 1, 0, '00:00:02', '00:00:00', 2),
(292, 3, '0000-00-00', 9, 1, 1, 1, 0, '00:00:02', '00:00:00', 2),
(293, 3, '0000-00-00', 9, 1, 1, 1, 0, '00:00:02', '00:00:00', 2),
(294, 3, '0000-00-00', 9, 1, 1, 1, 0, '00:00:02', '00:00:00', 2),
(295, 3, '0000-00-00', 9, 1, 1, 1, 0, '00:00:02', '00:00:00', 2),
(296, 3, '0000-00-00', 9, 1, 1, 1, 0, '00:00:02', '00:00:00', 2),
(297, 3, '0000-00-00', 9, 1, 1, 1, 0, '00:00:02', '00:00:00', 2),
(298, 3, '0000-00-00', 9, 1, 1, 1, 0, '00:00:02', '00:00:00', 2),
(299, 3, '0000-00-00', 9, 1, 1, 1, 0, '00:00:02', '00:00:00', 2),
(300, 3, '0000-00-00', 9, 1, 1, 1, 0, '00:00:02', '00:03:00', 2),
(301, 3, '0000-00-00', 9, 1, 1, 1, 0, '00:00:02', '00:03:01', 2),
(302, 3, '0000-00-00', 9, 1, 1, 1, 0, '00:00:02', '00:03:02', 2),
(303, 3, '0000-00-00', 9, 1, 1, 1, 0, '00:00:02', '00:03:03', 2),
(304, 3, '0000-00-00', 9, 1, 1, 1, 0, '00:00:02', '00:03:04', 2),
(305, 3, '0000-00-00', 9, 1, 1, 1, 0, '00:00:02', '00:03:05', 2),
(306, 3, '0000-00-00', 9, 1, 1, 1, 0, '00:00:02', '00:03:06', 2),
(307, 3, '0000-00-00', 9, 1, 1, 1, 0, '00:00:02', '00:03:07', 2),
(308, 3, '0000-00-00', 9, 1, 1, 1, 0, '00:00:02', '00:03:08', 2),
(309, 3, '0000-00-00', 9, 1, 1, 1, 0, '00:00:02', '00:03:09', 2),
(310, 3, '0000-00-00', 9, 1, 1, 1, 0, '00:00:02', '00:03:10', 2),
(311, 3, '0000-00-00', 9, 1, 1, 1, 0, '00:00:02', '00:03:11', 2),
(312, 3, '0000-00-00', 9, 1, 1, 1, 0, '00:00:02', '00:03:12', 2),
(313, 3, '0000-00-00', 9, 1, 1, 1, 0, '00:00:02', '00:03:13', 2),
(314, 3, '0000-00-00', 9, 1, 1, 1, 0, '00:00:02', '00:03:14', 2),
(315, 3, '0000-00-00', 9, 1, 1, 1, 0, '00:00:02', '00:03:15', 2),
(316, 3, '0000-00-00', 9, 1, 1, 1, 0, '00:00:02', '00:03:16', 2),
(317, 3, '0000-00-00', 9, 1, 1, 1, 0, '00:00:02', '00:03:17', 2),
(318, 3, '0000-00-00', 9, 1, 1, 1, 0, '00:00:02', '00:03:18', 2),
(319, 3, '0000-00-00', 9, 1, 1, 1, 0, '00:00:02', '00:03:19', 2),
(320, 3, '0000-00-00', 9, 1, 1, 1, 0, '00:00:02', '00:03:20', 2),
(321, 3, '0000-00-00', 9, 1, 1, 1, 0, '00:00:02', '00:03:21', 2),
(322, 3, '0000-00-00', 9, 1, 1, 1, 0, '00:00:02', '00:03:22', 2),
(323, 3, '0000-00-00', 9, 1, 1, 1, 0, '00:00:02', '00:03:23', 2),
(324, 3, '0000-00-00', 9, 1, 1, 1, 0, '00:00:02', '00:03:24', 2),
(325, 3, '0000-00-00', 9, 1, 1, 1, 0, '00:00:02', '00:03:25', 2),
(326, 3, '0000-00-00', 9, 1, 1, 1, 0, '00:00:02', '00:03:26', 2),
(327, 3, '0000-00-00', 9, 1, 1, 1, 0, '00:00:02', '00:03:27', 2),
(328, 3, '0000-00-00', 9, 1, 1, 1, 0, '00:00:02', '00:03:28', 2),
(329, 3, '0000-00-00', 9, 1, 1, 1, 0, '00:00:02', '00:03:29', 2),
(330, 3, '0000-00-00', 9, 1, 1, 1, 0, '00:00:02', '00:03:30', 2),
(331, 3, '0000-00-00', 9, 1, 1, 1, 0, '00:00:02', '00:03:31', 2),
(332, 3, '0000-00-00', 9, 1, 1, 1, 0, '00:00:02', '00:03:32', 2),
(333, 3, '0000-00-00', 9, 1, 1, 1, 0, '00:00:02', '00:03:33', 2),
(334, 3, '0000-00-00', 9, 1, 1, 1, 0, '00:00:02', '00:03:34', 2),
(335, 3, '0000-00-00', 9, 1, 1, 1, 0, '00:00:02', '00:03:35', 2),
(336, 3, '0000-00-00', 9, 1, 1, 1, 0, '00:00:02', '00:03:36', 2),
(337, 3, '0000-00-00', 9, 1, 1, 1, 0, '00:00:02', '00:03:37', 2),
(338, 3, '0000-00-00', 9, 1, 1, 1, 0, '00:00:02', '00:03:38', 2),
(339, 3, '0000-00-00', 9, 1, 1, 1, 0, '00:00:02', '00:03:39', 2),
(340, 3, '0000-00-00', 9, 1, 1, 1, 0, '00:00:02', '00:03:40', 2),
(341, 3, '0000-00-00', 9, 1, 1, 1, 0, '00:00:02', '00:03:41', 2),
(342, 3, '0000-00-00', 9, 1, 1, 1, 0, '00:00:02', '00:03:42', 2),
(343, 3, '0000-00-00', 9, 1, 1, 1, 0, '00:00:02', '00:03:43', 2),
(344, 3, '0000-00-00', 9, 1, 1, 1, 0, '00:00:02', '00:03:44', 2),
(345, 3, '0000-00-00', 9, 1, 1, 1, 0, '00:00:02', '00:03:45', 2),
(346, 3, '0000-00-00', 9, 1, 1, 1, 0, '00:00:02', '00:03:46', 2),
(347, 3, '0000-00-00', 9, 1, 1, 1, 0, '00:00:02', '00:03:47', 2),
(348, 3, '0000-00-00', 9, 1, 1, 1, 0, '00:00:02', '00:03:48', 2),
(349, 3, '0000-00-00', 9, 1, 1, 1, 0, '00:00:02', '00:03:49', 2),
(350, 3, '0000-00-00', 9, 1, 1, 1, 0, '00:00:02', '00:03:50', 2),
(351, 3, '0000-00-00', 9, 1, 1, 1, 0, '00:00:02', '00:03:51', 2),
(352, 3, '0000-00-00', 9, 1, 1, 1, 0, '00:00:02', '00:03:52', 2),
(353, 3, '0000-00-00', 9, 1, 1, 1, 0, '00:00:02', '00:03:53', 2),
(354, 3, '0000-00-00', 9, 1, 1, 1, 0, '00:00:02', '00:03:54', 2),
(355, 3, '0000-00-00', 9, 1, 1, 1, 0, '00:00:02', '00:03:55', 2),
(356, 3, '0000-00-00', 9, 1, 1, 1, 0, '00:00:02', '00:03:56', 2),
(357, 3, '0000-00-00', 9, 1, 1, 1, 0, '00:00:02', '00:03:57', 2),
(358, 3, '0000-00-00', 9, 1, 1, 1, 0, '00:00:02', '00:03:58', 2),
(359, 3, '0000-00-00', 9, 1, 1, 1, 0, '00:00:02', '00:03:59', 2),
(360, 3, '0000-00-00', 9, 1, 1, 1, 0, '00:00:02', '00:00:00', 2),
(361, 3, '0000-00-00', 9, 1, 1, 1, 0, '00:00:02', '00:00:00', 2),
(362, 3, '0000-00-00', 9, 1, 1, 1, 0, '00:00:02', '00:00:00', 2),
(363, 3, '0000-00-00', 9, 1, 1, 1, 0, '00:00:02', '00:00:00', 2),
(364, 3, '0000-00-00', 9, 1, 1, 1, 0, '00:00:02', '00:00:00', 2),
(365, 3, '0000-00-00', 9, 1, 1, 1, 0, '00:00:02', '00:00:00', 2),
(366, 3, '0000-00-00', 9, 1, 1, 1, 0, '00:00:02', '00:00:00', 2),
(367, 3, '0000-00-00', 9, 1, 1, 1, 0, '00:00:02', '00:00:00', 2),
(368, 3, '0000-00-00', 9, 1, 1, 1, 0, '00:00:02', '00:00:00', 2),
(369, 3, '0000-00-00', 9, 1, 1, 1, 0, '00:00:02', '00:00:00', 2),
(370, 3, '0000-00-00', 9, 1, 1, 1, 0, '00:00:02', '00:00:00', 2),
(371, 3, '0000-00-00', 9, 1, 1, 1, 0, '00:00:02', '00:00:00', 2),
(372, 3, '0000-00-00', 9, 1, 1, 1, 0, '00:00:02', '00:00:00', 2),
(373, 3, '0000-00-00', 9, 1, 1, 1, 0, '00:00:02', '00:00:00', 2),
(374, 3, '0000-00-00', 9, 1, 1, 1, 0, '00:00:02', '00:00:00', 2),
(375, 3, '0000-00-00', 9, 1, 1, 1, 0, '00:00:02', '00:00:00', 2),
(376, 3, '0000-00-00', 9, 1, 1, 1, 0, '00:00:02', '00:00:00', 2),
(377, 3, '0000-00-00', 9, 1, 1, 1, 0, '00:00:02', '00:00:00', 2),
(378, 3, '0000-00-00', 9, 1, 1, 1, 0, '00:00:02', '00:00:00', 2),
(379, 3, '0000-00-00', 9, 1, 1, 1, 0, '00:00:02', '00:00:00', 2),
(380, 3, '0000-00-00', 9, 1, 1, 1, 0, '00:00:02', '00:00:00', 2),
(381, 3, '0000-00-00', 9, 1, 1, 1, 0, '00:00:02', '00:00:00', 2),
(382, 3, '0000-00-00', 9, 1, 1, 1, 0, '00:00:02', '00:00:00', 2),
(383, 3, '0000-00-00', 9, 1, 1, 1, 0, '00:00:02', '00:00:00', 2),
(384, 3, '0000-00-00', 9, 1, 1, 1, 0, '00:00:02', '00:00:00', 2),
(385, 3, '0000-00-00', 9, 1, 1, 1, 0, '00:00:02', '00:00:00', 2),
(386, 3, '0000-00-00', 9, 1, 1, 1, 0, '00:00:02', '00:00:00', 2),
(387, 3, '0000-00-00', 9, 1, 1, 1, 0, '00:00:02', '00:00:00', 2),
(388, 3, '0000-00-00', 9, 1, 1, 1, 0, '00:00:02', '00:00:00', 2),
(389, 3, '0000-00-00', 9, 1, 1, 1, 0, '00:00:02', '00:00:00', 2),
(390, 3, '0000-00-00', 9, 1, 1, 1, 0, '00:00:02', '00:00:00', 2),
(391, 3, '0000-00-00', 9, 1, 1, 1, 0, '00:00:02', '00:00:00', 2),
(392, 3, '0000-00-00', 9, 1, 1, 1, 0, '00:00:02', '00:00:00', 2),
(393, 3, '0000-00-00', 9, 1, 1, 1, 0, '00:00:02', '00:00:00', 2),
(394, 3, '0000-00-00', 9, 1, 1, 1, 0, '00:00:02', '00:00:00', 2),
(395, 3, '0000-00-00', 9, 1, 1, 1, 0, '00:00:02', '00:00:00', 2),
(396, 3, '0000-00-00', 9, 1, 1, 1, 0, '00:00:02', '00:00:00', 2),
(397, 3, '0000-00-00', 9, 1, 1, 1, 0, '00:00:02', '00:00:00', 2),
(398, 3, '0000-00-00', 9, 1, 1, 1, 0, '00:00:02', '00:00:00', 2),
(399, 3, '0000-00-00', 9, 1, 1, 1, 0, '00:00:02', '00:00:00', 2),
(400, 3, '0000-00-00', 9, 1, 1, 1, 0, '00:00:02', '00:04:00', 2),
(401, 3, '0000-00-00', 9, 1, 1, 1, 0, '00:00:02', '00:04:01', 2),
(402, 3, '0000-00-00', 9, 1, 1, 1, 0, '00:00:02', '00:04:02', 2),
(403, 3, '0000-00-00', 9, 1, 1, 1, 0, '00:00:02', '00:04:03', 2),
(404, 3, '0000-00-00', 9, 1, 1, 1, 0, '00:00:02', '00:04:04', 2),
(405, 3, '0000-00-00', 9, 1, 1, 1, 0, '00:00:02', '00:04:05', 2),
(406, 3, '0000-00-00', 9, 1, 1, 1, 0, '00:00:02', '00:04:06', 2),
(407, 3, '0000-00-00', 9, 1, 1, 1, 0, '00:00:02', '00:04:07', 2),
(408, 3, '0000-00-00', 9, 1, 1, 1, 0, '00:00:02', '00:04:08', 2),
(409, 3, '0000-00-00', 9, 1, 1, 1, 0, '00:00:02', '00:04:09', 2),
(410, 3, '0000-00-00', 9, 1, 1, 1, 0, '00:00:02', '00:04:10', 2),
(411, 3, '0000-00-00', 9, 1, 1, 1, 0, '00:00:02', '00:04:11', 2),
(412, 3, '0000-00-00', 9, 1, 1, 1, 0, '00:00:02', '00:04:12', 2),
(413, 3, '0000-00-00', 9, 1, 1, 1, 0, '00:00:02', '00:04:13', 2),
(414, 3, '0000-00-00', 9, 1, 1, 1, 0, '00:00:02', '00:04:14', 2),
(415, 3, '0000-00-00', 9, 1, 1, 1, 0, '00:00:02', '00:04:15', 2),
(416, 3, '0000-00-00', 9, 1, 1, 1, 0, '00:00:02', '00:04:16', 2),
(417, 3, '0000-00-00', 9, 1, 1, 1, 0, '00:00:02', '00:04:17', 2),
(418, 3, '0000-00-00', 9, 1, 1, 1, 0, '00:00:02', '00:04:18', 2),
(419, 3, '0000-00-00', 9, 1, 1, 1, 0, '00:00:02', '00:04:19', 2),
(420, 3, '0000-00-00', 9, 1, 1, 1, 0, '00:00:02', '00:04:20', 2),
(421, 3, '0000-00-00', 9, 1, 1, 1, 0, '00:00:02', '00:04:21', 2),
(422, 3, '0000-00-00', 9, 1, 1, 1, 0, '00:00:02', '00:04:22', 2),
(423, 3, '0000-00-00', 9, 1, 1, 1, 0, '00:00:02', '00:04:23', 2),
(424, 3, '0000-00-00', 9, 1, 1, 1, 0, '00:00:02', '00:04:24', 2),
(425, 3, '0000-00-00', 9, 1, 1, 1, 0, '00:00:02', '00:04:25', 2),
(426, 3, '0000-00-00', 9, 1, 1, 1, 0, '00:00:02', '00:04:26', 2),
(427, 3, '0000-00-00', 9, 1, 1, 1, 0, '00:00:02', '00:04:27', 2),
(428, 3, '0000-00-00', 9, 1, 1, 1, 0, '00:00:02', '00:04:28', 2),
(429, 3, '0000-00-00', 9, 1, 1, 1, 0, '00:00:02', '00:04:29', 2),
(430, 3, '0000-00-00', 9, 1, 1, 1, 0, '00:00:02', '00:04:30', 2),
(431, 3, '0000-00-00', 9, 1, 1, 1, 0, '00:00:02', '00:04:31', 2),
(432, 3, '0000-00-00', 9, 1, 1, 1, 0, '00:00:02', '00:04:32', 2),
(433, 3, '0000-00-00', 9, 1, 1, 1, 0, '00:00:02', '00:04:33', 2),
(434, 3, '0000-00-00', 9, 1, 1, 1, 0, '00:00:02', '00:04:34', 2),
(435, 3, '0000-00-00', 9, 1, 1, 1, 0, '00:00:02', '00:04:35', 2),
(436, 3, '0000-00-00', 9, 1, 1, 1, 0, '00:00:02', '00:04:36', 2),
(437, 3, '0000-00-00', 9, 1, 1, 1, 0, '00:00:02', '00:04:37', 2),
(438, 3, '0000-00-00', 9, 1, 1, 1, 0, '00:00:02', '00:04:38', 2),
(439, 3, '0000-00-00', 9, 1, 1, 1, 0, '00:00:02', '00:04:39', 2),
(440, 3, '0000-00-00', 9, 1, 1, 1, 0, '00:00:02', '00:04:40', 2),
(441, 3, '0000-00-00', 9, 1, 1, 1, 0, '00:00:02', '00:04:41', 2),
(442, 3, '0000-00-00', 9, 1, 1, 1, 0, '00:00:02', '00:04:42', 2),
(443, 3, '0000-00-00', 9, 1, 1, 1, 0, '00:00:02', '00:04:43', 2),
(444, 3, '0000-00-00', 9, 1, 1, 1, 0, '00:00:02', '00:04:44', 2),
(445, 3, '0000-00-00', 9, 1, 1, 1, 0, '00:00:02', '00:04:45', 2),
(446, 3, '0000-00-00', 9, 1, 1, 1, 0, '00:00:02', '00:04:46', 2),
(447, 3, '0000-00-00', 9, 1, 1, 1, 0, '00:00:02', '00:04:47', 2),
(448, 3, '0000-00-00', 9, 1, 1, 1, 0, '00:00:02', '00:04:48', 2),
(449, 3, '0000-00-00', 9, 1, 1, 1, 0, '00:00:02', '00:04:49', 2),
(450, 3, '0000-00-00', 9, 1, 1, 1, 0, '00:00:02', '00:04:50', 2),
(451, 3, '0000-00-00', 9, 1, 1, 1, 0, '00:00:02', '00:04:51', 2),
(452, 3, '0000-00-00', 9, 1, 1, 1, 0, '00:00:02', '00:04:52', 2),
(453, 3, '0000-00-00', 9, 1, 1, 1, 0, '00:00:02', '00:04:53', 2),
(454, 3, '0000-00-00', 9, 1, 1, 1, 0, '00:00:02', '00:04:54', 2),
(455, 3, '0000-00-00', 9, 1, 1, 1, 0, '00:00:02', '00:04:55', 2),
(456, 3, '0000-00-00', 9, 1, 1, 1, 0, '00:00:02', '00:04:56', 2),
(457, 3, '0000-00-00', 9, 1, 1, 1, 0, '00:00:02', '00:04:57', 2),
(458, 3, '0000-00-00', 9, 1, 1, 1, 0, '00:00:02', '00:04:58', 2),
(459, 3, '0000-00-00', 9, 1, 1, 1, 0, '00:00:02', '00:04:59', 2),
(460, 3, '0000-00-00', 9, 1, 1, 1, 0, '00:00:02', '00:00:00', 2),
(461, 3, '0000-00-00', 9, 1, 1, 1, 0, '00:00:02', '00:00:00', 2),
(462, 3, '0000-00-00', 9, 1, 1, 1, 0, '00:00:02', '00:00:00', 2),
(463, 3, '0000-00-00', 9, 1, 1, 1, 0, '00:00:02', '00:00:00', 2),
(464, 3, '0000-00-00', 9, 1, 1, 1, 0, '00:00:02', '00:00:00', 2),
(465, 3, '0000-00-00', 9, 1, 1, 1, 0, '00:00:02', '00:00:00', 2),
(466, 3, '0000-00-00', 9, 1, 1, 1, 0, '00:00:02', '00:00:00', 2),
(467, 3, '0000-00-00', 9, 1, 1, 1, 0, '00:00:02', '00:00:00', 2),
(468, 3, '0000-00-00', 9, 1, 1, 1, 0, '00:00:02', '00:00:00', 2),
(469, 3, '0000-00-00', 9, 1, 1, 1, 0, '00:00:02', '00:00:00', 2),
(470, 3, '0000-00-00', 9, 1, 1, 1, 0, '00:00:02', '00:00:00', 2),
(471, 3, '0000-00-00', 9, 1, 1, 1, 0, '00:00:02', '00:00:00', 2),
(472, 3, '0000-00-00', 9, 1, 1, 1, 0, '00:00:02', '00:00:00', 2),
(473, 3, '0000-00-00', 9, 1, 1, 1, 0, '00:00:02', '00:00:00', 2),
(474, 3, '0000-00-00', 9, 1, 1, 1, 0, '00:00:02', '00:00:00', 2),
(475, 3, '0000-00-00', 9, 1, 1, 1, 0, '00:00:02', '00:00:00', 2),
(476, 3, '0000-00-00', 9, 1, 1, 1, 0, '00:00:02', '00:00:00', 2),
(477, 3, '0000-00-00', 9, 1, 1, 1, 0, '00:00:02', '00:00:00', 2),
(478, 3, '0000-00-00', 9, 1, 1, 1, 0, '00:00:02', '00:00:00', 2),
(479, 3, '0000-00-00', 9, 1, 1, 1, 0, '00:00:02', '00:00:00', 2),
(480, 3, '0000-00-00', 9, 1, 1, 1, 0, '00:00:02', '00:00:00', 2),
(481, 3, '0000-00-00', 9, 1, 1, 1, 0, '00:00:02', '00:00:00', 2),
(482, 3, '0000-00-00', 9, 1, 1, 1, 0, '00:00:02', '00:00:00', 2),
(483, 3, '0000-00-00', 9, 1, 1, 1, 0, '00:00:02', '00:00:00', 2),
(484, 3, '0000-00-00', 9, 1, 1, 1, 0, '00:00:02', '00:00:00', 2),
(485, 3, '0000-00-00', 9, 1, 1, 1, 0, '00:00:02', '00:00:00', 2),
(486, 3, '0000-00-00', 9, 1, 1, 1, 0, '00:00:02', '00:00:00', 2),
(487, 3, '0000-00-00', 9, 1, 1, 1, 0, '00:00:02', '00:00:00', 2),
(488, 3, '0000-00-00', 9, 1, 1, 1, 0, '00:00:02', '00:00:00', 2),
(489, 3, '0000-00-00', 9, 1, 1, 1, 0, '00:00:02', '00:00:00', 2),
(490, 3, '0000-00-00', 9, 1, 1, 1, 0, '00:00:02', '00:00:00', 2),
(491, 3, '0000-00-00', 9, 1, 1, 1, 0, '00:00:02', '00:00:00', 2),
(492, 3, '0000-00-00', 9, 1, 1, 1, 0, '00:00:02', '00:00:00', 2),
(493, 3, '0000-00-00', 9, 1, 1, 1, 0, '00:00:02', '00:00:00', 2),
(494, 3, '0000-00-00', 9, 1, 1, 1, 0, '00:00:02', '00:00:00', 2),
(495, 3, '0000-00-00', 9, 1, 1, 1, 0, '00:00:02', '00:00:00', 2),
(496, 3, '0000-00-00', 9, 1, 1, 1, 0, '00:00:02', '00:00:00', 2),
(497, 3, '0000-00-00', 9, 1, 1, 1, 0, '00:00:02', '00:00:00', 2),
(498, 3, '0000-00-00', 9, 1, 1, 1, 0, '00:00:02', '00:00:00', 2),
(499, 3, '0000-00-00', 9, 1, 1, 1, 0, '00:00:02', '00:00:00', 2),
(500, 3, '0000-00-00', 9, 1, 1, 1, 0, '00:00:02', '00:05:00', 2),
(501, 3, '0000-00-00', 9, 1, 1, 1, 0, '00:00:02', '00:05:01', 2),
(502, 3, '0000-00-00', 9, 1, 1, 1, 0, '00:00:02', '00:05:02', 2),
(503, 3, '0000-00-00', 9, 1, 1, 1, 0, '00:00:02', '00:05:03', 2),
(504, 3, '0000-00-00', 9, 1, 1, 1, 0, '00:00:02', '00:05:04', 2),
(505, 3, '0000-00-00', 9, 1, 1, 1, 0, '00:00:02', '00:05:05', 2),
(506, 3, '0000-00-00', 9, 1, 1, 1, 0, '00:00:02', '00:05:06', 2),
(507, 3, '0000-00-00', 9, 1, 1, 1, 0, '00:00:02', '00:05:07', 2),
(508, 3, '0000-00-00', 9, 1, 1, 1, 0, '00:00:02', '00:05:08', 2),
(509, 3, '0000-00-00', 9, 1, 1, 1, 0, '00:00:02', '00:05:09', 2),
(510, 3, '0000-00-00', 9, 1, 1, 1, 0, '00:00:02', '00:05:10', 2),
(511, 3, '0000-00-00', 9, 1, 1, 1, 0, '00:00:02', '00:05:11', 2),
(512, 3, '0000-00-00', 9, 1, 1, 1, 0, '00:00:02', '00:05:12', 2),
(513, 3, '0000-00-00', 9, 1, 1, 1, 0, '00:00:02', '00:05:13', 2),
(514, 3, '0000-00-00', 9, 1, 1, 1, 0, '00:00:02', '00:05:14', 2),
(515, 3, '0000-00-00', 9, 1, 1, 1, 0, '00:00:02', '00:05:15', 2),
(516, 3, '0000-00-00', 9, 1, 1, 1, 0, '00:00:02', '00:05:16', 2),
(517, 3, '0000-00-00', 9, 1, 1, 1, 0, '00:00:02', '00:05:17', 2),
(518, 3, '0000-00-00', 9, 1, 1, 1, 0, '00:00:02', '00:05:18', 2),
(519, 3, '0000-00-00', 9, 1, 1, 1, 0, '00:00:02', '00:05:19', 2),
(520, 3, '0000-00-00', 9, 1, 1, 1, 0, '00:00:02', '00:05:20', 2),
(521, 3, '0000-00-00', 9, 1, 1, 1, 0, '00:00:02', '00:05:21', 2),
(522, 3, '0000-00-00', 9, 1, 1, 1, 0, '00:00:02', '00:05:22', 2),
(523, 3, '0000-00-00', 9, 1, 1, 1, 0, '00:00:02', '00:05:23', 2),
(524, 3, '0000-00-00', 9, 1, 1, 1, 0, '00:00:02', '00:05:24', 2),
(525, 3, '0000-00-00', 9, 1, 1, 1, 0, '00:00:02', '00:05:25', 2),
(526, 3, '0000-00-00', 9, 1, 1, 1, 0, '00:00:02', '00:05:26', 2),
(527, 3, '0000-00-00', 9, 1, 1, 1, 0, '00:00:02', '00:05:27', 2),
(528, 3, '0000-00-00', 9, 1, 1, 1, 0, '00:00:02', '00:05:28', 2),
(529, 3, '0000-00-00', 9, 1, 1, 1, 0, '00:00:02', '00:05:29', 2),
(530, 3, '0000-00-00', 9, 1, 1, 1, 0, '00:00:02', '00:05:30', 2),
(531, 3, '0000-00-00', 9, 1, 1, 1, 0, '00:00:02', '00:05:31', 2),
(532, 3, '0000-00-00', 9, 1, 1, 1, 0, '00:00:02', '00:05:32', 2),
(533, 3, '0000-00-00', 9, 1, 1, 1, 0, '00:00:02', '00:05:33', 2),
(534, 3, '0000-00-00', 9, 1, 1, 1, 0, '00:00:02', '00:05:34', 2),
(535, 3, '0000-00-00', 9, 1, 1, 1, 0, '00:00:02', '00:05:35', 2),
(536, 3, '0000-00-00', 9, 1, 1, 1, 0, '00:00:02', '00:05:36', 2),
(537, 3, '0000-00-00', 9, 1, 1, 1, 0, '00:00:02', '00:05:37', 2),
(538, 3, '0000-00-00', 9, 1, 1, 1, 0, '00:00:02', '00:05:38', 2),
(539, 3, '0000-00-00', 9, 1, 1, 1, 0, '00:00:02', '00:05:39', 2),
(540, 3, '0000-00-00', 9, 1, 1, 1, 0, '00:00:02', '00:05:40', 2),
(541, 3, '0000-00-00', 9, 1, 1, 1, 0, '00:00:02', '00:05:41', 2),
(542, 3, '0000-00-00', 9, 1, 1, 1, 0, '00:00:02', '00:05:42', 2),
(543, 3, '0000-00-00', 9, 1, 1, 1, 0, '00:00:02', '00:05:43', 2),
(544, 3, '0000-00-00', 9, 1, 1, 1, 0, '00:00:02', '00:05:44', 2),
(545, 3, '0000-00-00', 9, 1, 1, 1, 0, '00:00:02', '00:05:45', 2),
(546, 3, '0000-00-00', 9, 1, 1, 1, 0, '00:00:02', '00:05:46', 2),
(547, 3, '0000-00-00', 9, 1, 1, 1, 0, '00:00:02', '00:05:47', 2),
(548, 3, '0000-00-00', 9, 1, 1, 1, 0, '00:00:02', '00:05:48', 2),
(549, 3, '0000-00-00', 9, 1, 1, 1, 0, '00:00:02', '00:05:49', 2),
(550, 3, '0000-00-00', 9, 1, 1, 1, 0, '00:00:02', '00:05:50', 2),
(551, 3, '0000-00-00', 9, 1, 1, 1, 0, '00:00:02', '00:05:51', 2),
(552, 3, '0000-00-00', 9, 1, 1, 1, 0, '00:00:02', '00:05:52', 2),
(553, 3, '0000-00-00', 9, 1, 1, 1, 0, '00:00:02', '00:05:53', 2),
(554, 3, '0000-00-00', 9, 1, 1, 1, 0, '00:00:02', '00:05:54', 2),
(555, 3, '0000-00-00', 9, 1, 1, 1, 0, '00:00:02', '00:05:55', 2),
(556, 3, '0000-00-00', 9, 1, 1, 1, 0, '00:00:02', '00:05:56', 2),
(557, 3, '0000-00-00', 9, 1, 1, 1, 0, '00:00:02', '00:05:57', 2),
(558, 3, '0000-00-00', 9, 1, 1, 1, 0, '00:00:02', '00:05:58', 2),
(559, 3, '0000-00-00', 9, 1, 1, 1, 0, '00:00:02', '00:05:59', 2),
(560, 3, '0000-00-00', 9, 1, 1, 1, 0, '00:00:02', '00:00:00', 2),
(561, 3, '0000-00-00', 9, 1, 1, 1, 0, '00:00:02', '00:00:00', 2),
(562, 3, '0000-00-00', 9, 1, 1, 1, 0, '00:00:02', '00:00:00', 2),
(563, 3, '0000-00-00', 9, 1, 1, 1, 0, '00:00:02', '00:00:00', 2),
(564, 3, '0000-00-00', 9, 1, 1, 1, 0, '00:00:02', '00:00:00', 2),
(565, 3, '0000-00-00', 9, 1, 1, 1, 0, '00:00:02', '00:00:00', 2),
(566, 3, '0000-00-00', 9, 1, 1, 1, 0, '00:00:02', '00:00:00', 2),
(567, 3, '0000-00-00', 9, 1, 1, 1, 0, '00:00:02', '00:00:00', 2),
(568, 3, '0000-00-00', 9, 1, 1, 1, 0, '00:00:02', '00:00:00', 2),
(569, 3, '0000-00-00', 9, 1, 1, 1, 0, '00:00:02', '00:00:00', 2),
(570, 3, '0000-00-00', 9, 1, 1, 1, 0, '00:00:02', '00:00:00', 2),
(571, 3, '0000-00-00', 9, 1, 1, 1, 0, '00:00:02', '00:00:00', 2),
(572, 3, '0000-00-00', 9, 1, 1, 1, 0, '00:00:02', '00:00:00', 2),
(573, 3, '0000-00-00', 9, 1, 1, 1, 0, '00:00:02', '00:00:00', 2),
(574, 3, '0000-00-00', 9, 1, 1, 1, 0, '00:00:02', '00:00:00', 2),
(575, 3, '0000-00-00', 9, 1, 1, 1, 0, '00:00:02', '00:00:00', 2),
(576, 3, '0000-00-00', 9, 1, 1, 1, 0, '00:00:02', '00:00:00', 2),
(577, 3, '0000-00-00', 9, 1, 1, 1, 0, '00:00:02', '00:00:00', 2),
(578, 3, '0000-00-00', 9, 1, 1, 1, 0, '00:00:02', '00:00:00', 2),
(579, 3, '0000-00-00', 9, 1, 1, 1, 0, '00:00:02', '00:00:00', 2),
(580, 3, '0000-00-00', 9, 1, 1, 1, 0, '00:00:02', '00:00:00', 2),
(581, 3, '0000-00-00', 9, 1, 1, 1, 0, '00:00:02', '00:00:00', 2),
(582, 3, '0000-00-00', 9, 1, 1, 1, 0, '00:00:02', '00:00:00', 2),
(583, 3, '0000-00-00', 9, 1, 1, 1, 0, '00:00:02', '00:00:00', 2),
(584, 3, '0000-00-00', 9, 1, 1, 1, 0, '00:00:02', '00:00:00', 2),
(585, 3, '0000-00-00', 9, 1, 1, 1, 0, '00:00:02', '00:00:00', 2),
(586, 3, '0000-00-00', 9, 1, 1, 1, 0, '00:00:02', '00:00:00', 2),
(587, 3, '0000-00-00', 9, 1, 1, 1, 0, '00:00:02', '00:00:00', 2),
(588, 3, '0000-00-00', 9, 1, 1, 1, 0, '00:00:02', '00:00:00', 2),
(589, 3, '0000-00-00', 9, 1, 1, 1, 0, '00:00:02', '00:00:00', 2),
(590, 3, '0000-00-00', 9, 1, 1, 1, 0, '00:00:02', '00:00:00', 2),
(591, 3, '0000-00-00', 9, 1, 1, 1, 0, '00:00:02', '00:00:00', 2),
(592, 3, '0000-00-00', 9, 1, 1, 1, 0, '00:00:02', '00:00:00', 2),
(593, 3, '0000-00-00', 9, 1, 1, 1, 0, '00:00:02', '00:00:00', 2),
(594, 3, '0000-00-00', 9, 1, 1, 1, 0, '00:00:02', '00:00:00', 2),
(595, 3, '0000-00-00', 9, 1, 1, 1, 0, '00:00:02', '00:00:00', 2),
(596, 3, '0000-00-00', 9, 1, 1, 1, 0, '00:00:02', '00:00:00', 2),
(597, 3, '0000-00-00', 9, 1, 1, 1, 0, '00:00:02', '00:00:00', 2),
(598, 3, '0000-00-00', 9, 1, 1, 1, 0, '00:00:02', '00:00:00', 2),
(599, 3, '0000-00-00', 9, 1, 1, 1, 0, '00:00:02', '00:00:00', 2),
(600, 3, '0000-00-00', 9, 1, 1, 1, 0, '00:00:02', '00:06:00', 2),
(601, 3, '0000-00-00', 9, 1, 1, 1, 0, '00:00:02', '00:06:01', 2),
(602, 3, '0000-00-00', 9, 1, 1, 1, 0, '00:00:02', '00:06:02', 2),
(603, 3, '0000-00-00', 9, 1, 1, 1, 0, '00:00:02', '00:06:03', 2),
(604, 3, '0000-00-00', 9, 1, 1, 1, 0, '00:00:02', '00:06:04', 2),
(605, 3, '0000-00-00', 9, 1, 1, 1, 0, '00:00:02', '00:06:05', 2),
(606, 3, '0000-00-00', 9, 1, 1, 1, 0, '00:00:02', '00:06:06', 2),
(607, 3, '0000-00-00', 9, 1, 1, 1, 0, '00:00:02', '00:06:07', 2),
(608, 3, '0000-00-00', 9, 1, 1, 1, 0, '00:00:02', '00:06:08', 2),
(609, 3, '0000-00-00', 9, 1, 1, 1, 0, '00:00:02', '00:06:09', 2),
(610, 3, '0000-00-00', 9, 1, 1, 1, 0, '00:00:02', '00:06:10', 2),
(611, 3, '0000-00-00', 9, 1, 1, 1, 0, '00:00:02', '00:06:11', 2),
(612, 3, '0000-00-00', 9, 1, 1, 1, 0, '00:00:02', '00:06:12', 2),
(613, 3, '0000-00-00', 9, 1, 1, 1, 0, '00:00:02', '00:06:13', 2),
(614, 3, '0000-00-00', 9, 1, 1, 1, 0, '00:00:02', '00:06:14', 2),
(615, 3, '0000-00-00', 9, 1, 1, 1, 0, '00:00:02', '00:06:15', 2),
(616, 3, '0000-00-00', 9, 1, 1, 1, 0, '00:00:02', '00:06:16', 2),
(617, 3, '0000-00-00', 9, 1, 1, 1, 0, '00:00:02', '00:06:17', 2),
(618, 3, '0000-00-00', 9, 1, 1, 1, 0, '00:00:02', '00:06:18', 2),
(619, 6, '0000-00-00', 10, 1, 2, 2, 0, '00:00:33', '00:00:33', 3),
(620, 4, '0000-00-00', 9, 1, 2, 2, 0, '00:00:22', '00:00:22', 2);

-- --------------------------------------------------------

--
-- Table structure for table `reserve_status`
--

CREATE TABLE IF NOT EXISTS `reserve_status` (
  `id` int(11) NOT NULL AUTO_INCREMENT,
  `name` varchar(30) NOT NULL,
  PRIMARY KEY (`id`)
) ENGINE=InnoDB  DEFAULT CHARSET=utf8 AUTO_INCREMENT=5 ;

--
-- Dumping data for table `reserve_status`
--

INSERT INTO `reserve_status` (`id`, `name`) VALUES
(1, 'تم الكشف'),
(2, 'حجز'),
(3, 'حجز ملغى'),
(4, 'إعادة');

-- --------------------------------------------------------

--
-- Table structure for table `services`
--

CREATE TABLE IF NOT EXISTS `services` (
  `id` int(11) NOT NULL AUTO_INCREMENT,
  `name` varchar(80) NOT NULL,
  `amount` int(11) NOT NULL DEFAULT '0',
  `notes` text NOT NULL,
  PRIMARY KEY (`id`)
) ENGINE=InnoDB  DEFAULT CHARSET=utf8 AUTO_INCREMENT=3 ;

--
-- Dumping data for table `services`
--

INSERT INTO `services` (`id`, `name`, `amount`, `notes`) VALUES
(1, 'test', 33, 'يوجد لدينا كل الخدمات'),
(2, 'fadsf', 2, 'dfsa');

-- --------------------------------------------------------

--
-- Table structure for table `specialties`
--

CREATE TABLE IF NOT EXISTS `specialties` (
  `id` int(11) NOT NULL AUTO_INCREMENT,
  `name` varchar(50) NOT NULL,
  `notes` text NOT NULL,
  PRIMARY KEY (`id`)
) ENGINE=InnoDB  DEFAULT CHARSET=utf8 AUTO_INCREMENT=3 ;

--
-- Dumping data for table `specialties`
--

INSERT INTO `specialties` (`id`, `name`, `notes`) VALUES
(1, 'ffg', 'fffffffffff'),
(2, '3', '3');

-- --------------------------------------------------------

--
-- Table structure for table `tests`
--

CREATE TABLE IF NOT EXISTS `tests` (
  `id` int(11) NOT NULL AUTO_INCREMENT,
  `name` varchar(50) NOT NULL,
  `notes` text NOT NULL,
  PRIMARY KEY (`id`)
) ENGINE=InnoDB  DEFAULT CHARSET=utf8 AUTO_INCREMENT=6 ;

--
-- Dumping data for table `tests`
--

INSERT INTO `tests` (`id`, `name`, `notes`) VALUES
(3, 'بيسشب', 'سشيبشيسبسشي'),
(4, 'fds', 'fsdagff'),
(5, 'fgfdg', '3');

-- --------------------------------------------------------

--
-- Table structure for table `yes_no`
--

CREATE TABLE IF NOT EXISTS `yes_no` (
  `id` int(11) NOT NULL AUTO_INCREMENT,
  `name` varchar(10) NOT NULL,
  PRIMARY KEY (`id`)
) ENGINE=InnoDB  DEFAULT CHARSET=utf8 AUTO_INCREMENT=3 ;

--
-- Dumping data for table `yes_no`
--

INSERT INTO `yes_no` (`id`, `name`) VALUES
(1, 'Yes'),
(2, 'No');

--
-- Constraints for dumped tables
--

--
-- Constraints for table `patients`
--
ALTER TABLE `patients`
  ADD CONSTRAINT `patients_ibfk_1` FOREIGN KEY (`contract_id`) REFERENCES `contracts` (`id`);

--
-- Constraints for table `patient_visits`
--
ALTER TABLE `patient_visits`
  ADD CONSTRAINT `patient_visits_ibfk_1` FOREIGN KEY (`patient_id`) REFERENCES `patients` (`id`),
  ADD CONSTRAINT `patient_visits_ibfk_2` FOREIGN KEY (`service_id`) REFERENCES `services` (`id`);

--
-- Constraints for table `reservations`
--
ALTER TABLE `reservations`
  ADD CONSTRAINT `reservations_ibfk_1` FOREIGN KEY (`patient_id`) REFERENCES `patients` (`id`),
  ADD CONSTRAINT `reservations_ibfk_2` FOREIGN KEY (`doctor_id`) REFERENCES `doctors` (`id`),
  ADD CONSTRAINT `reservations_ibfk_3` FOREIGN KEY (`service_id`) REFERENCES `services` (`id`),
  ADD CONSTRAINT `reservations_ibfk_4` FOREIGN KEY (`contract_id`) REFERENCES `contracts` (`id`);

/*!40101 SET CHARACTER_SET_CLIENT=@OLD_CHARACTER_SET_CLIENT */;
/*!40101 SET CHARACTER_SET_RESULTS=@OLD_CHARACTER_SET_RESULTS */;
/*!40101 SET COLLATION_CONNECTION=@OLD_COLLATION_CONNECTION */;
